submission_title,submission_type,Submission_Num,Submission_Sentiment,submission_link,info
Would be great building practice.,top,S10,0.162,https://redd.it/8k2s2p,
Tender Defender (Chicken Trooper) as suggested by the son of u/Tfoust10,top,S1,0.161,https://redd.it/9fig2k,
Tomato Town Revamp,top,S13,0.156,https://redd.it/8jdjiu,
How to never need to sort out your items ever again...,top,S12,0.105,https://redd.it/9yr1ef,
For the last couple months my 8yr old has consistently asked me to submit this suggestion to Fortnite developers. So... There you go,top,S2,0.09500000000000001,https://redd.it/9feu7w,
[SUGGESTION] Add Fortnite to Earth so my mom will stop telling me I’m wasting my life in a virtual world.,top,S9,0.084,https://redd.it/9ntnt8,
"""Kick Me"" Back Bling Idea",top,S11,0.084,https://redd.it/8vkj2f,
Please Epic! Add the P90!,top,S7,0.07300000000000001,https://redd.it/8ghgss,
"My son was thrilled to come home today from school to see how Redditors made his Chicken Trooper request a big deal! Thanks for all the support. You guys really made his year! C'mon EPIC, it is your turn. Lets add this",top,S6,0.061999999999999986,https://redd.it/9fog8d,
Dusty Dingle is the only way to go,top,S4,0.039999999999999994,https://redd.it/8zm06v,
"Epic, Please Fix the Positioning for Walls!",top,S5,0.009999999999999995,https://redd.it/8chag6,
Justice for Thanos,top,S3,0.009000000000000008,https://redd.it/8i1kep,
"[Suggestion] Once you reach the top 10 in solo, have a cannon fire off at every death like the hunger games",top,S8,-0.008000000000000007,https://redd.it/886c1f,
,,,,,The posts are ordered in what has recieved the most postive feedback in the comments and also shows what type of post it is
